unique_key,cas_number,smiles,is_complex_mixture,match_method,mw,xlogp
E100,458-37-7,COC1=C(C=CC(=C1)/C=C/C(=O)CC(=O)/C=C/C2=CC(=C(C=C2)O)OC)O,False,Match (E100),368.4,3.2
E1000,81-25-4,C[C@H](CCC(=O)O)[C@H]1CC[C@@H]2[C@@]1([C@H](C[C@H]3[C@H]2[C@@H](C[C@H]4[C@@]3(CC[C@H](C4)O)C)O)O)C,False,Match (Cholic acid),408.6,3.6
E1001,Unknown,,True,No Match,,
E101,83-88-5,CC1=CC2=C(C=C1C)N(C3=NC(=O)NC(=O)C3=N2)C[C@@H]([C@@H]([C@@H](CO)O)O)O,False,Match (E101),376.4,-1.5
E101A,146-17-8,CC1=CC2=C(C=C1C)N(C3=NC(=O)NC(=O)C3=N2)C[C@@H]([C@@H]([C@@H](COP(=O)(O)O)O)O)O,False,Match (E101A),456.3,-2.6
E101I,83-88-5,CC1=CC2=C(C=C1C)N(C3=NC(=O)NC(=O)C3=N2)C[C@@H]([C@@H]([C@@H](CO)O)O)O,False,Match (Riboflavin),376.4,-1.5
E101II,Unknown,,True,No Match,,
E102,1934-21-0,C1=CC(=CC=C1N=NC2C(=NN(C2=O)C3=CC=C(C=C3)S(=O)(=O)[O-])C(=O)[O-])S(=O)(=O)[O-].[Na+].[Na+].[Na+],False,Match (E102),534.4,
E103,517-88-4,CC(=CC[C@@H](C1=CC(=O)C2=C(C=CC(=C2C1=O)O)O)O)C,False,Match (E103),288.29,3.0
E104,1803038-62-1,C1=CC=C2C(=C1)C(=O)C(C2=O)C3=NC4=C(C=C(C=C4C=C3)S(=O)(=O)[O-])S(=O)(=O)[O-].[Na+].[Na+],False,Match (Chinolingelb),477.4,
E105,79873-36-2,C1=CC(=CC=C1N=NC2=CC(=C(C=C2)N)S(=O)(=O)[O-])S(=O)(=O)[O-].[Na+].[Na+],False,Match (E105),401.3,
E106,130-40-5,CC1=CC2=C(C=C1C)N(C3=NC(=O)NC(=O)C3=N2)C[C@@H]([C@@H]([C@@H](COP(=O)(O)[O-])O)O)O.[Na+],False,Match (E106),478.3,
E107,Unknown,CC1=C(C(=O)N(N1)C2=CC(=C(C=C2Cl)S(=O)(=O)[O-])Cl)N=NC3=CC=C(C=C3)S(=O)(=O)[O-].[Na+].[Na+],False,Match (E107),551.3,
E110,2783-94-0,C1=CC(=CC=C1N=NC2=C(C=CC3=C2C=CC(=C3)S(=O)(=O)[O-])O)S(=O)(=O)[O-].[Na+].[Na+],False,Match (E110),452.4,
E1100,4027-57-0,CCOC(=O)C1=NNC(=C1)C,False,Match (E1100),154.17,1.2
E1101,Unknown,CC(C)OC(=O)OC(C)OC(=O)C1=C(CSC2N1C(=O)C2NC(=O)/C(=N\O)/C3=CSC(=N3)N)COC(=O)N(C)C,False,Match (E1101),600.6,0.8
E1102,45009-62-9,C(C1C(C(C(C(O1)O)O)O)O)O,False,Match (Glucose oxidase),180.16,-2.6
E1103,43088-42-2,CCOC(=O)C1=C(SC=C1C)N,False,Match (E1103),185.25,2.4
E1104,4815-32-1,CCOC(=O)C1=C(SC(=C1)C)N,False,Match (E1104),185.25,2.4
E1105,12650-88-3,CCC(C)C(C(=O)NC(CCCNC(=N)N)C(=O)NC(C)C(=O)NC(CC1=CNC2=CC=CC=C21)C(=O)NC(C(C)C)C(=O)NC(C)C(=O)NC(CC3=CNC4=CC=CC=C43)C(=O)NC(CCCNC(=N)N)C(=O)NC(CC(=O)N)C(=O)NC(CCCNC(=N)N)C(=O)O)NC(=O)CNC(=O)C(CCC(=O)N)NC(=O)C5CCCN5C(=O)C(CC(=O)O)NC(=O)C(CCCNC(=N)N)NC(=O)C(C(C)C)NC(=O)C(C(C)C)NC(=O)C(CCCNC(=N)N)N,False,Match (Lysozyme),2235.6,-7.4
E111,Unknown,,True,No Match,,
E120,1260-17-9,CC1=C2C(=CC(=C1C(=O)O)O)C(=O)C3=C(C2=O)C(=C(C(=C3O)O)[C@H]4[C@@H]([C@H]([C@@H]([C@H](O4)CO)O)O)O)O,False,Match (E120),492.4,0.5
E1200,Unknown,,True,No Match,,
E1201,13720-94-0,CCOC(=O)C1=C(C2=CC=CC=C2N=C1)Cl,False,Match (E1201),235.66,3.0
E1202,128073-16-5,CCOC(=O)C1=C(C=C(C=N1)C(F)(F)F)Cl,False,Match (E1202),253.6,2.9
E1203,Unknown,,True,No Match,,
E1204,480438-58-2,B(C1=C(C=C(C=C1)F)OCC)(O)O,False,Match (E1204),183.97,
E1205,850589-53-6,B(C1=CC(=CC(=C1)F)OCC)(O)O,False,Match (E1205),183.97,
E1206,Unknown,,True,No Match,,
E1207,874288-38-7,B(C1=CC(=C(C=C1)C(=O)OCC)F)(O)O,False,Match (E1207),211.98,
E1208,118133-15-6,CCOC(=O)N1CCC(CC1)C(=O)O,False,Match (E1208),201.22,0.5
E1209,874219-60-0,B(C1=C(C=CC(=C1)C(=O)OCC)F)(O)O,False,Match (E1209),211.98,
E121,6358-53-8,COC1=CC(=C(C=C1)OC)N=NC2=C(C=CC3=CC=CC=C32)O,False,Match (Citrus Red 2),308.3,4.5
E1210,936339-60-5,C1=CC=NC(=C1)OCC2=CC=C(C=C2)CC3=NOC(=C3)C4=C(N=CC=C4)N,False,Match (E1210),358.4,3.3
E122,13613-55-3,C1=CC=C2C(=C1)C(=CC=C2S(=O)(=O)O)N=NC3=C(C4=CC=CC=C4C(=C3)S(=O)(=O)O)O,False,Match (E122),458.5,3.3
E123,915-67-3,C1=CC=C2C(=C1)C(=CC=C2S(=O)(=O)[O-])N=NC3=C4C=CC(=CC4=CC(=C3O)S(=O)(=O)[O-])S(=O)(=O)[O-].[Na+].[Na+].[Na+],False,Match (E123),604.5,
E124,7244-14-6,C1=CC=C2C(=C1)C(=CC=C2S(=O)(=O)O)N=NC3=C(C=CC4=CC(=CC(=C43)S(=O)(=O)O)S(=O)(=O)O)O,False,Match (E124),538.5,2.1
E125,4548-53-2,CC1=CC(=C(C=C1N=NC2=C(C3=CC=CC=C3C(=C2)S(=O)(=O)[O-])O)S(=O)(=O)[O-])C.[Na+].[Na+],False,Match (Ponceau SX),480.4,
E126,Unknown,C1=CC=C2C(=C1)C(=CC(=C2N=NC3=C(C(=CC4=CC(=CC(=C43)S(=O)(=O)[O-])S(=O)(=O)[O-])S(=O)(=O)[O-])O)O)S(=O)(=O)[O-].[Na+].[Na+].[Na+].[Na+],False,Match (E126),722.5,
E127,16423-68-0,C1=CC=C2C(=C1)C(=O)OC23C4=CC(=C(C(=C4OC5=C(C(=C(C=C35)I)O)I)I)O)I,False,Match (E127),835.9,6.0
E128,25317-20-8,CC(=O)NC1=C2C(=CC(=C1)S(=O)(=O)O)C=C(C(=C2O)N=NC3=CC=CC=C3)S(=O)(=O)O,False,Match (E128),465.5,1.8
E129,25956-17-6,CC1=CC(=C(C=C1S(=O)(=O)[O-])OC)N=NC2=C(C=CC3=C2C=CC(=C3)S(=O)(=O)[O-])O.[Na+].[Na+],False,Match (E129),496.4,
E130,81-77-6,C1=CC=C2C(=C1)C(=O)C3=C(C2=O)C4=C(C=C3)NC5=C(N4)C=CC6=C5C(=O)C7=CC=CC=C7C6=O,False,Match (Indanthrene blue RS),442.4,4.9
E131,3536-49-0,CCN(CC)C1=CC=C(C=C1)C(=C2C=CC(=[N+](CC)CC)C=C2)C3=CC(=C(C=C3S(=O)(=O)[O-])S(=O)(=O)[O-])O.CCN(CC)C1=CC=C(C=C1)C(=C2C=CC(=[N+](CC)CC)C=C2)C3=CC(=C(C=C3S(=O)(=O)[O-])S(=O)(=O)[O-])O.[Ca+2],False,Match (E131),1159.4,
E132,482-89-3,C1=CC=C2C(=C1)C(=C(N2)C3=NC4=CC=CC=C4C3=O)O,False,Match (Indigotin),262.26,2.7
E133,78642-64-5,CCN(CC1=CC(=CC=C1)S(=O)(=O)[O-])C2=CC(=C(C=C2)/C(=C/3\C=CC(=[N+](CC)CC4=CC(=CC=C4)S(=O)(=O)O)C=C3C)/C5=CC=C(C=C5)NC6=CC=C(C=C6)OCC)C,False,Match (E133),832.0,8.1
E140,Unknown,,True,No Match,,
E1400,13731-98-1,CCO[Si](C)(C)CCCOC(=O)C(=C)C,False,Match (E1400),230.38,
E1401,Unknown,,True,No Match,,
E1402,Unknown,,True,No Match,,
E1403,73232-07-2,CCOC(=O)C(C)SC(=S)OCC,False,Match (E1403),222.3,2.7
E1404,Unknown,,True,No Match,,
E1405,326925-69-3,CCC1(CCCC1)OC(=O)C=C,False,Match (E1405),168.23,2.7
E140I,1406-65-1,CCC\1=C(C\2=[NH+]/C1=C\C3=C(C4=C([C@@H](C(=C4[N-]3)C5=[NH+]C(=C([C@@H]5CCC(=O)OC/C=C(\C)/CCC[C@H](C)CCC[C@H](C)CCCC(C)C)C)/C=C\6/C(=C(/C(=C2)/[N-]6)C=C)C)C(=O)OC)O)C)C.[Mg+2],False,Match (Chlorophyll),895.5,
E140II,Unknown,,True,No Match,,
E141,Unknown,,True,No Match,,
E1410,52670-38-9,C#CC1=CC=CC=C1N,False,Match (E1410),117.15,1.5
E1411,Unknown,,True,No Match,,
E1412,129808-00-0,C1=CC2=C(C=C1C#CC3=CC4=C(C=C3)C(=O)OC4=O)C(=O)OC2=O,False,Match (E1412),318.2,2.7
E1413,Unknown,,True,No Match,,
E1414,160844-75-7,CCOC(=O)C1=C(N=C(S1)C2=CC(=C(C=C2)OCC(C)C)C#N)C,False,Match (E1414),344.4,4.6
E141I,Unknown,,True,No Match,,
E141II,Unknown,,True,No Match,,
E142,3087-16-9,CN(C)C1=CC=C(C=C1)C(=C2C=CC(=[N+](C)C)C=C2)C3=C4C=CC(=CC4=CC(=C3O)S(=O)(=O)[O-])S(=O)(=O)[O-].[Na+],False,Match (Green s),576.6,
E1420,9045-28-7,CC1C(C(C(C(O1)CO)OC2C(C(C(C(O2)COC3C(C(C(C(O3)CO)OC)O)O)OC4C(C(C(C(O4)CO)OC)O)OC(=O)C)O)O)O)O,False,Match (Acetylated starch),734.7,-7.0
E1421,10401-11-3,C#CC1=CC(=CC=C1)O,False,Match (E1421),118.13,1.8
E1422,106185-75-5,CC/C(=C\CC1CC=C(C1(C)C)C)/CO,False,Match (E1422),208.34,3.6
E1423,84793-24-8,CCOC(=O)[C@H](CCC1=CC=CC=C1)N2[C@H](C(=O)OC2=O)C,False,Match (E1423),305.32,2.7
E143,2353-45-9,CCN(CC1=CC(=CC=C1)S(=O)(=O)[O-])C2=CC=C(C=C2)C(=C3C=CC(=[N+](CC)CC4=CC(=CC=C4)S(=O)(=O)[O-])C=C3)C5=C(C=C(C=C5)O)S(=O)(=O)[O-].[Na+].[Na+],False,Match (Fast Green FCF),808.9,
E1430,53721-12-3,CC[N+]1=CC=C(C=C1)C2=CC=[N+](C=C2)CC.[Br-].[Br-],False,Match (E1430),374.11,
E1440,815574-81-3,CCN.C(=O)(C(F)(F)F)O,False,Match (E1440),159.11,
E1441,157057-20-0,CCOC(C)OC1=CC=C(C=C1)C=C,False,Match (E1441),192.25,3.4
E1442,Unknown,,True,No Match,,
E1443,161973-10-0,CC1=CN=C(C(=C1OC)C)C[S@](=O)C2=NC3=C([N-]2)C=CC(=C3)OC.CC1=CN=C(C(=C1OC)C)C[S@](=O)C2=NC3=C([N-]2)C=CC(=C3)OC.[Mg+2],False,Match (E1443),713.1,
E1450,50479-11-3,CCOC(=O)CCC[P+](C1=CC=CC=C1)(C2=CC=CC=C2)C3=CC=CC=C3.[Br-],False,Match (E1450),457.3,
E1451,158932-33-3,COC1=C(C=CC(=C1)C[C@@H](CO[C@H]2[C@@H]([C@H]([C@@H]([C@H](O2)CO)O)O)O)[C@@H](CC3=CC(=C(C=C3)O)OC)CO[C@H]4[C@@H]([C@H]([C@@H]([C@H](O4)CO)O)O)O)O,False,Match (E1451),686.7,-0.7
E1452,Unknown,,True,No Match,,
E14XX,Unknown,,True,No Match,,
E150,13494-07-0,CC1CC(C(=O)C1=O)C,False,Match (Caramel),126.15,0.7
E1503,Unknown,,True,No Match,,
E1504,141-78-6,CCOC(=O)C,False,Match (E1504),88.11,0.7
E1505,77-93-0,CCOC(=O)CC(CC(=O)OCC)(C(=O)OCC)O,False,Match (E1505),276.28,0.1
E150A,Unknown,,True,No Match,,
E150B,Unknown,,True,No Match,,
E150C,Unknown,,True,No Match,,
E150D,Unknown,,True,No Match,,
E151,13699-36-0,CC(=O)NC1=C2C(=C(C=C1)S(=O)(=O)O)C=C(C(=C2O)N=NC3=C4C=C(C=CC4=C(C=C3)N=NC5=CC=C(C=C5)S(=O)(=O)O)S(=O)(=O)O)S(=O)(=O)O,False,Match (E151),779.8,2.3
E1510,64-17-5,CCO,False,Match (E1510),46.07,-0.1
E1517,102-62-5,CC(=O)OCC(CO)OC(=O)C,False,Match (Glyceryl diacetate),176.17,-0.3
E1518,102-76-1,CC(=O)OCC(COC(=O)C)OC(=O)C,False,Match (E1518),218.2,0.2
E1519,100-51-6,C1=CC=C(C=C1)CO,False,Match (E1519),108.14,1.1
E152,2118-39-0,C1=CC(=CC=C1N=NC2=C3C=CC(=CC3=C(C=C2)N=NC4=C(C5=CC(=C(C=C5C=C4S(=O)(=O)[O-])S(=O)(=O)[O-])N)O)S(=O)(=O)[O-])S(=O)(=O)[O-].[Na+].[Na+].[Na+].[Na+],False,Match (Black 7984),825.7,
E1520,57-55-6,CC(CO)O,False,Match (E1520),76.09,-0.9
E1521,Unknown,,True,No Match,,
E153,Unknown,C1CSC2C3C1CC4=CC5=C6C7=C(C=C8C9=C7C1=C7C%10C%11C%12=C1C6=C4C3C%12=C1C2=CC2=C3C1=C%11C1=C4C%10=C6C%10=C7C9=C(C=C%10C(=O)C7=CC(=C9C=C%10C=C%11C=CC%12=C%13C%11=C(C%10=C4C9=C76)C1=C3C%13=C(O2)C=C%12)C(=O)O)C(=O)C8=O)OC5,False,Match (Vegetable carbon),1035.0,14.9
E154,8062-14-4,CC1=CC(=C(C=C1N)N)N=NC2=CC=C(C=C2)S(=O)(=O)[O-].C1=CC(=CC=C1N=NC2=CC(=C(C=C2N)N)N=NC3=CC=C(C=C3)S(=O)(=O)[O-])S(=O)(=O)[O-].[Na+].[Na+].[Na+],False,Match (Brown FK),848.8,
E155,Unknown,C1=CC=C2C(=C1)C(=CC=C2S(=O)(=O)O)N/N=C\3/C=C(C(=O)/C(=N\NC4=CC=C(C5=CC=CC=C54)S(=O)(=O)O)/C3=O)CO,False,Match (E155),608.6,3.3
E15X,Unknown,C1CSC2C3C1CC4=CC5=C6C7=C(C=C8C9=C7C1=C7C%10C%11C%12=C1C6=C4C3C%12=C1C2=CC2=C3C1=C%11C1=C4C%10=C6C%10=C7C9=C(C=C%10C(=O)C7=CC(=C9C=C%10C=C%11C=CC%12=C%13C%11=C(C%10=C4C9=C76)C1=C3C%13=C(O2)C=C%12)C(=O)O)C(=O)C8=O)OC5,False,Match (CI 77266),1035.0,14.9
E160,36-88-4,CC1=C(C(C[C@@H](C1)O)(C)C)C#C/C(=C/C=C/C(=C/C=C/C=C(\C)/C=C/C=C(\C)/C(=O)/C=C\2/[C@](C[C@H](CC2(C)C)O)(C)O)/C)/CO,False,Match (Carotenoids),614.9,7.2
E160A,7235-40-7,CC1=C(C(CCC1)(C)C)/C=C/C(=C/C=C/C(=C/C=C/C=C(/C=C/C=C(/C=C/C2=C(CCCC2(C)C)C)\C)\C)/C)/C,False,Match (E160A),536.9,13.5
E160AI,Unknown,,True,No Match,,
E160AII,Unknown,,True,No Match,,
E160AIII,Unknown,,True,No Match,,
E160AIV,Unknown,,True,No Match,,
E160B,6983-79-5,C/C(=C\C=C\C=C(/C)\C=C\C=C(\C)/C=C/C(=O)OC)/C=C/C=C(\C)/C=C/C(=O)O,False,Match (E160B),394.5,7.5
E160BI,Unknown,,True,No Match,,
E160BII,Unknown,,True,No Match,,
E160C,Unknown,,True,No Match,,
E160D,502-65-8,CC(=CCC/C(=C/C=C/C(=C/C=C/C(=C/C=C/C=C(/C=C/C=C(/C=C/C=C(/CCC=C(C)C)\C)\C)\C)/C)/C)/C)C,False,Match (E160D),536.9,15.6
E160E,1107-26-2,CC1=C(C(CCC1)(C)C)/C=C/C(=C/C=C/C(=C/C=C/C=C(\C)/C=C/C=C(\C)/C=O)/C)/C,False,Match (E160E),416.6,9.4
E160F,Unknown,,True,No Match,,
E161,Unknown,,True,No Match,,
E161A,512-29-8,CC1=C[C@@H](CC([C@H]1/C=C/C(=C/C=C/C(=C/C=C/C=C(\C)/C=C/C=C(\C)/[C@H]2C=C3[C@](O2)(C[C@H](CC3(C)C)O)C)/C)/C)(C)C)O,False,Match (Flavoxanthin),584.9,10.1
E161B,127-40-2,CC1=C(C(C[C@@H](C1)O)(C)C)/C=C/C(=C/C=C/C(=C/C=C/C=C(\C)/C=C/C=C(\C)/C=C/[C@H]2C(=C[C@@H](CC2(C)C)O)C)/C)/C,False,Match (lutein),568.9,11.0
E161C,472-70-8,CC1=C(C(CCC1)(C)C)/C=C/C(=C/C=C/C(=C/C=C/C=C(\C)/C=C/C=C(\C)/C=C/C2=C(C[C@H](CC2(C)C)O)C)/C)/C,False,Match (Cryptoxanthin),552.9,12.3
E161D,3763-55-1,CC1=C(C(C[C@@H](C1)O)(C)C)/C=C/C(=C/C=C/C(=C/C=C/C=C(\C)/C=C/C=C(\C)/C=C/C=C(\C)/CCC=C(C)C)/C)/C,False,Match (E161D),552.9,13.2
E161E,126-29-4,C/C(=C\C=C\C=C(\C=C\C=C(\C=C\[C@@]12O[C@@]1(C[C@H](CC2(C)C)O)C)/C)/C)/C=C/C=C(/C=C/[C@@]34O[C@@]3(C[C@H](CC4(C)C)O)C)\C,False,Match (Violaxanthin),600.9,9.8
E161F,116-30-3,CC\1=CC(=O)CC(/C1=C\C=C(\C=C\C=C(\C=C\C=C\C(=C\C=C\C(=C\C=C\2/C(CC(=O)C=C2C)(C)C)\C)\C)/C)/C)(C)C,False,Match (Rhodoxanthin),562.8,10.5
E161G,514-78-3,CC1=C(C(CCC1=O)(C)C)/C=C/C(=C/C=C/C(=C/C=C/C=C(/C=C/C=C(/C=C/C2=C(C(=O)CCC2(C)C)C)\C)\C)/C)/C,False,Match (E161G),564.8,11.4
E161H,144-68-3,CC1=C(C(C[C@@H](C1)O)(C)C)/C=C/C(=C/C=C/C(=C/C=C/C=C(/C=C/C=C(/C=C/C2=C(C[C@H](CC2(C)C)O)C)\C)\C)/C)/C,False,Match (Zeaxanthin),568.9,10.9
E161I,3604-90-8,CC1=C(C(CCC1)(C)C)/C=C/C(=C/C=C/C(=C/C=C/C=C(\C)/C=C/C=C(\C)/C=C/C(=O)C)/C)/C,False,Match (Citranaxanthin),456.7,10.5
E161J,472-61-7,CC1=C(C(C[C@@H](C1=O)O)(C)C)/C=C/C(=C/C=C/C(=C/C=C/C=C(/C=C/C=C(/C=C/C2=C(C(=O)[C@H](CC2(C)C)O)C)\C)\C)/C)/C,False,Match (E161J),596.8,10.3
E162,Unknown,C1[C@H](N=C(C=C1/C=C/N2[C@@H](CC3=CC(=C(C=C32)O)O[C@H]4[C@@H]([C@H]([C@@H]([C@H](O4)CO)O)O)O)C(=O)[O-])C(=O)O)C(=O)[O-],False,Match (E162),548.5,0.0
E163,14051-53-7,C1=CC=C(C=C1)C2=[O+]C3=CC=CC=C3C=C2,False,Match (Anthocyanin),207.25,
E163A,13306-05-3,C1=CC(=C(C=C1C2=[O+]C3=CC(=CC(=C3C=C2O)O)O)O)O,False,Match (Cyanidin),287.24,
E163B,13270-61-6,C1=C(C=C(C(=C1O)O)O)C2=[O+]C3=CC(=CC(=C3C=C2O)O)O,False,Match (Delphinidin),303.24,
E163C,10463-84-0,COC1=CC(=CC(=C1O)OC)C2=[O+]C3=CC(=CC(=C3C=C2O)O)O,False,Match (Malvidin),331.3,
E163D,7690-51-9,C1=CC(=CC=C1C2=[O+]C3=CC(=CC(=C3C=C2O)O)O)O,False,Match (Pelargonidin),271.24,
E163E,134-01-0,COC1=C(C=CC(=C1)C2=[O+]C3=CC(=CC(=C3C=C2O)O)O)O.[Cl-],False,Match (Peonidin),336.72,
E163F,1429-30-7,COC1=CC(=CC(=C1O)O)C2=[O+]C3=CC(=CC(=C3C=C2O)O)O.[Cl-],False,Match (Petunidin),352.72,
E164,Unknown,,True,No Match,,
E165,Unknown,,True,No Match,,
E166,Unknown,C/C(=C/CC[C@@]1(C2CC3C1(C3C2)C)C)/CO,False,Match (Sandal),220.35,4.0
E170,471-34-1,C(=O)([O-])[O-].[Ca+2],False,Match (E170),100.09,
E170I,471-34-1,C(=O)([O-])[O-].[Ca+2],False,Match (Calciumcarbonat),100.09,
E170II,Unknown,,True,No Match,,
E171,13463-67-7,O=[Ti]=O,False,Match (E171),79.866,
E172,Unknown,,True,No Match,,
E172I,1317-61-9,O=[Fe].O=[Fe]O[Fe]=O,False,Match (Black iron oxide),231.53,
E172II,Unknown,,True,No Match,,
E172III,Unknown,,True,No Match,,
E173,7429-90-5,[Al],False,Match (Aluminio),26.981538,
E174,14701-21-4,[Ag+],False,Match (E174),107.868,
E175,7440-57-5,[Au],False,Match (Or),196.96657,
E180,16014-23-6,CC1=CC(=C(C=C1)N=NC2=C(C(=CC3=CC=CC=C32)C(=O)O)O)S(=O)(=O)O,False,Match (E180),386.4,3.8
E181,Unknown,C1[C@@H]2[C@@H]3[C@@H]([C@H]([C@@H](O2)OC(=O)C4=CC(=C(C(=C4)O)O)O)OC(=O)C5=CC(=C(C6=C5C7C(=CC(=O)C(C7(O6)O)(O)O)C(=O)O3)O)O)OC(=O)C8=CC(=C(C(=C8C9=C(C(=C(C=C9C(=O)O1)OC1=C(C(=C(C=C1C(=O)O)O)O)O)O)O)O)O)O,False,Match (E181),1120.7,-0.2
E182,1400-62-0,CC1=CC(=CC(=C1NC2=C(C3=C(C=C2O)OC4=CC(=O)C(=NC5=C(C=C(C=C5C)O)O)C(=C43)C)C)O)O,False,Match (Orcein),500.5,3.9
E200,110-44-1,C/C=C/C=C/C(=O)O,False,Match (E200),112.13,1.3
E201,7757-81-5,C/C=C/C=C/C(=O)[O-].[Na+],False,Match (Sodium sorbate),134.11,
E202,24634-61-5,C/C=C/C=C/C(=O)[O-].[K+],False,Match (Potassium sorbate),150.22,
E203,Unknown,C/C=C/C=C/C(=O)[O-].C/C=C/C=C/C(=O)[O-].[Ca+2],False,Match (Calciumsorbat),262.31,
E209,Unknown,C1CC2(CCC1C3=CC=C(C=C3)OCCN4CCC(CC4)F)OOC5(C6CC7CC(C6)CC5C7)OO2,False,Match (E209),501.6,5.9
E210,65-85-0,C1=CC=C(C=C1)C(=O)O,False,Match (E210),122.12,1.9
E211,532-32-1,C1=CC=C(C=C1)C(=O)[O-].[Na+],False,Match (E211),144.1,
E212,582-25-2,C1=CC=C(C=C1)C(=O)[O-].[K+],False,Match (E212),160.21,
E213,2090-05-3,C1=CC=C(C=C1)C(=O)[O-].C1=CC=C(C=C1)C(=O)[O-].[Ca+2],False,Match (E213),282.3,
E214,120-47-8,CCOC(=O)C1=CC=C(C=C1)O,False,Match (E214),166.17,2.5
E215,Unknown,CCOC(=O)C1=CC=C(C=C1)[O-].[Na+],False,Match (E215),188.16,
E216,94-13-3,CCCOC(=O)C1=CC=C(C=C1)O,False,Match (Propylparaben),180.2,3.0
E217,35285-69-9,CCCOC(=O)C1=CC=C(C=C1)[O-].[Na+],False,Match (E217),202.18,
E218,99-76-3,COC(=O)C1=CC=C(C=C1)O,False,Match (E218),152.15,2.0
E219,5026-62-0,COC(=O)C1=CC=C(C=C1)[O-].[Na+],False,Match (Sodium methyl p-hydroxybenzoate),174.13,
E220,7446-09-5,O=S=O,False,Match (E220),64.07,0.1
E221,7757-83-7,[O-]S(=O)[O-].[Na+].[Na+],False,Match (Natriumsulfit),126.05,
E222,7631-90-5,OS(=O)[O-].[Na+],False,Match (E222),104.06,
E223,7681-57-4,[O-]S(=O)S(=O)(=O)[O-].[Na+].[Na+],False,Match (E223),190.11,
E224,16731-55-8,[O-]S(=O)S(=O)(=O)[O-].[K+].[K+],False,Match (Potassium metabisulphite),222.33,
E225,10117-38-1,[O-]S(=O)[O-].[K+].[K+],False,Match (E225),158.26,
E226,244021-67-8,C1=CC=C2C(=C1)C(=O)C(=N2)C3=C(NC4=C3C=C(C=C4)S(=O)(=O)O)O,False,Match (E226),342.3,1.5
E227,13780-03-5,OS(=O)[O-].OS(=O)[O-].[Ca+2],False,Match (Calciumhydrogensulfit),202.2,
E228,7773-03-7,OS(=O)[O-].[K+],False,Match (Potassium bisulphite),120.17,
E230,92-52-4,C1=CC=C(C=C1)C2=CC=CC=C2,False,Match (E230),154.21,4.0
E231,90-43-7,C1=CC=C(C=C1)C2=CC=CC=C2O,False,Match (E231),170.21,3.1
E232,6152-33-6,C1=CC=C(C=C1)C2=CC=CC=C2[O-].O.O.O.O.[Na+],False,Match (E232),264.25,
E233,148-79-8,C1=CC=C2C(=C1)NC(=N2)C3=CSC=N3,False,Match (E233),201.25,2.5
E234,1414-45-5,CCC(C)C1C(=O)NC(=C)C(=O)NC(C(=O)NC(CSCC(C(=O)N1)NC(=O)/C(=C/C)/NC(=O)C(C(C)CC)N)C(=O)NC2C(SCC(NC(=O)CNC(=O)C3CCCN3C2=O)C(=O)NC(CCCCN)C(=O)NC4C(SCC(NC(=O)CNC(=O)C(NC(=O)C(NC(=O)C(NC(=O)CNC4=O)C)CC(C)C)CCSC)C(=O)NC(CC(=O)N)C(=O)NC(CCSC)C(=O)NC(CCCCN)C(=O)NC5C(SCC6C(=O)NC(C(=O)NC(CSC(C(C(=O)N6)NC(=O)C(NC5=O)C)C)C(=O)NC(CO)C(=O)NC(C(C)CC)C(=O)NC(CC7=CN=CN7)C(=O)NC(C(C)C)C(=O)NC(=C)C(=O)NC(CCCCN)C(=O)O)CC8=CN=CN8)C)C)C)CC(C)C,False,Match (E234),3354.1,-6.1
E235,891894-69-2,C1CN(CCC1NC(=O)C2=CC3=C(C=C2)N4C=C(N=C4S3)C5=CC=C(C=C5)F)CC6=CC=CC=C6,False,Match (E235),484.6,6.4
E236,64-18-6,C(=O)O,False,Match (E236),46.025,-0.2
E237,141-53-7,C(=O)[O-].[Na+],False,Match (E237),68.007,
E238,544-17-2,C(=O)[O-].C(=O)[O-].[Ca+2],False,Match (E238),130.11,
E239,100-97-0,C1N2CN3CN1CN(C2)C3,False,Match (E239),140.19,0.3
E240,50-00-0,C=O,False,Match (E240),30.026,1.2
E241,Unknown,,True,No Match,,
E242,616-38-6,COC(=O)OC,False,Match (E242),90.08,0.5
E243,48076-74-0,CCCCCCCCCCCC(=O)N[C@@H](CCCN=C(N)N)C(=O)OCC,False,Match (Ethyl lauroyl arginate),384.6,4.2
E246,85187-10-6,CCCCCCCCCCCCC/C=C/[C@H]([C@H](COP(=O)(O)OCC[N+](C)(C)C)NC=O)O,False,Match (Glycolipids),493.6,5.0
E249,7758-09-0,N(=O)[O-].[K+],False,Match (E249),85.104,
E250,7632-00-0,N(=O)[O-].[Na+],False,Match (E250),68.995,
E251,7631-99-4,[N+](=O)([O-])[O-].[Na+],False,Match (Natriumnitrat),84.995,
E252,7757-79-1,[N+](=O)([O-])[O-].[K+],False,Match (E252),101.103,
E260,64-19-7,CC(=O)O,False,Match (E260),60.05,-0.2
E261,127-08-2,CC(=O)[O-].[K+],False,Match (E261),98.14,
E262,127-09-3,CC(=O)[O-].[Na+],False,Match (E262),82.03,
E262I,127-09-3,CC(=O)[O-].[Na+],False,Match (Natriumacetat),82.03,
E262II,Unknown,,True,No Match,,
E263,62-54-4,CC(=O)[O-].CC(=O)[O-].[Ca+2],False,Match (E263),158.17,
E264,631-61-8,CC(=O)[O-].[NH4+],False,Match (E264),77.08,
E265,2914-77-4,CN(C)CC1CCCCC1(C2=CC(=CC=C2)OC)O,False,Match (E265),263.37,2.6
E266,4418-26-2,CC1=CC(=O)[C-](C(=O)O1)C(=O)C.[Na+],False,Match (Sodium dehydroacetate),190.13,
E267,Unknown,,True,No Match,,
E270,50-21-5,CC(C(=O)O)O,False,Match (E270),90.08,-0.7
E280,79-09-4,CCC(=O)O,False,Match (E280),74.08,0.3
E281,137-40-6,CCC(=O)[O-].[Na+],False,Match (E281),96.06,
E282,4075-81-4,CCC(=O)[O-].CCC(=O)[O-].[Ca+2],False,Match (calcium propionate),186.22,
E283,327-62-8,CCC(=O)[O-].[K+],False,Match (Potassium propionate),112.17,
E284,10043-35-3,B(O)(O)O,False,Match (Boric acid),61.84,
E285,1330-43-4,B1(OB2OB(OB(O1)O2)[O-])[O-].[Na+].[Na+],False,Match (Sodium tetraborate),201.2,
E290,124-38-9,C(=O)=O,False,Match (E290),44.009,0.9
E296,6915-15-7,C(C(C(=O)O)O)C(=O)O,False,Match (E296),134.09,-1.3
E297,110-17-8,C(=C/C(=O)O)\C(=O)O,False,Match (E297),116.07,-0.3
E300,50-81-7,C([C@@H]([C@@H]1C(=C(C(=O)O1)O)O)O)O,False,Match (E300),176.12,-1.6
E301,134-03-2,C([C@@H]([C@@H]1C(=C(C(=O)O1)O)[O-])O)O.[Na+],False,Match (E301),198.11,
E302,Unknown,C([C@@H](C1C(=C(C(=O)O1)O)[O-])O)O.C([C@@H](C1C(=C(C(=O)O1)O)[O-])O)O.[Ca+2],False,Match (Calciumascorbat),390.31,
E303,15421-15-5,C([C@@H]([C@@H]1C(=C(C(=O)O1)O)[O-])O)O.[K+],False,Match (E303),214.21,
E304,137-66-6,CCCCCCCCCCCCCCCC(=O)OC[C@@H]([C@@H]1C(=C(C(=O)O1)O)O)O,False,Match (E304),414.5,6.3
E304I,137-66-6,CCCCCCCCCCCCCCCC(=O)OC[C@@H]([C@@H]1C(=C(C(=O)O1)O)O)O,False,Match (Ascorbyl palmitate),414.5,6.3
E304II,Unknown,,True,No Match,,
E306,Unknown,,True,No Match,,
E307,1406-18-4,CC1=C(C2=C(CC[C@@](O2)(C)CCC[C@H](C)CCC[C@H](C)CCCC(C)C)C(=C1O)C)C,False,Match (E307),430.7,10.7
E307A,1406-18-4,CC1=C(C2=C(CC[C@@](O2)(C)CCC[C@H](C)CCC[C@H](C)CCCC(C)C)C(=C1O)C)C,False,Match (D-Alpha-Tocopherol),430.7,10.7
E307B,Unknown,,True,No Match,,
E307C,10191-41-0,CC1=C(C2=C(CCC(O2)(C)CCCC(C)CCCC(C)CCCC(C)C)C(=C1O)C)C,False,Match (DL-Alpha-tocopherol),430.7,10.7
E308,54-28-4,CC1=C(C=C2CC[C@@](OC2=C1C)(C)CCC[C@H](C)CCC[C@H](C)CCCC(C)C)O,False,Match (Gamma-tocopherol),416.7,10.3
E309,119-13-1,CC1=CC(=CC2=C1O[C@](CC2)(C)CCC[C@H](C)CCC[C@H](C)CCCC(C)C)O,False,Match (E309),402.7,10.0
E310,121-79-9,CCCOC(=O)C1=CC(=C(C(=C1)O)O)O,False,Match (E310),212.2,1.8
E311,1034-01-1,CCCCCCCCOC(=O)C1=CC(=C(C(=C1)O)O)O,False,Match (E311),282.33,3.7
E312,1166-52-5,CCCCCCCCCCCCOC(=O)C1=CC(=C(C(=C1)O)O)O,False,Match (E312),338.4,5.8
E313,831-61-8,CCOC(=O)C1=CC(=C(C(=C1)O)O)O,False,Match (E313),198.17,1.3
E314,Unknown,,True,No Match,,
E315,89-65-6,C([C@H]([C@@H]1C(=C(C(=O)O1)O)O)O)O,False,Match (E315),176.12,-1.6
E316,6381-77-7,C([C@H]([C@@H]1C(=C(C(=O)O1)O)[O-])O)O.[Na+],False,Match (E316),198.11,
E317,Unknown,,True,No Match,,
E318,Unknown,,True,No Match,,
E319,1948-33-0,CC(C)(C)C1=C(C=CC(=C1)O)O,False,Match (E319),166.22,2.8
E320,25013-16-5,CC(C)(C)C1=C(C=CC(=C1)OC)O,False,Match (E320),180.24,3.2
E321,128-37-0,CC1=CC(=C(C(=C1)C(C)(C)C)O)C(C)(C)C,False,Match (E321),220.35,5.3
E322,97281-47-5,CCCCCCCCCCCCCCCC(=O)OC[C@H](COP(=O)([O-])OCC[N+](C)(C)C)OC(=O)CCCCCCC/C=C/C/C=C/CCCCC,False,Match (Lecithine),758.1,12.9
E322A,Unknown,,True,No Match,,
E322I,97281-47-5,CCCCCCCCCCCCCCCC(=O)OC[C@H](COP(=O)([O-])OCC[N+](C)(C)C)OC(=O)CCCCCCC/C=C/C/C=C/CCCCC,False,Match (Lecithin),758.1,12.9
E322II,Unknown,,True,No Match,,
E323,Unknown,,True,No Match,,
E324,91-53-2,CCOC1=CC2=C(C=C1)NC(C=C2C)(C)C,False,Match (E324),217.31,3.1
E325,72-17-3,CC(C(=O)[O-])O.[Na+],False,Match (E325),112.06,
E326,996-31-6,CC(C(=O)[O-])O.[K+],False,Match (E326),128.17,
E327,814-80-2,CC(C(=O)[O-])O.CC(C(=O)[O-])O.[Ca+2],False,Match (calcium lactate),218.22,
E328,Unknown,CC(C(=O)O)O.N,False,Match (E328),107.11,
E329,18917-93-6,CC(C(=O)[O-])O.CC(C(=O)[O-])O.[Mg+2],False,Match (Magnesium lactate),202.45,
E330,77-92-9,C(C(=O)O)C(CC(=O)O)(C(=O)O)O,False,Match (E330),192.12,-1.7
E331,68-04-2,C(C(=O)[O-])C(CC(=O)[O-])(C(=O)[O-])O.[Na+].[Na+].[Na+],False,Match (E331),258.07,
E331I,18996-35-5,C(C(=O)O)C(CC(=O)[O-])(C(=O)O)O.[Na+],False,Match (Monosodium citrate),214.1,
E331II,Unknown,,True,No Match,,
E331III,Unknown,,True,No Match,,
E332,Unknown,,True,No Match,,
E332I,866-83-1,C(C(=O)O)C(CC(=O)[O-])(C(=O)O)O.[K+],False,Match (Monopotassium citrate),230.21,
E332II,Unknown,,True,No Match,,
E333,813-94-5,C(C(=O)[O-])C(CC(=O)[O-])(C(=O)[O-])O.C(C(=O)[O-])C(CC(=O)[O-])(C(=O)[O-])O.[Ca+2].[Ca+2].[Ca+2],False,Match (Calcium citrates),498.4,
E333I,Unknown,C(C(=O)[O-])C(CC(=O)[O-])(C(=O)O)O.[Ca+2],False,Match (Monocalciumcitrat),230.19,
E333II,Unknown,,True,No Match,,
E333III,Unknown,,True,No Match,,
E334,87-69-4,[C@@H]([C@H](C(=O)O)O)(C(=O)O)O,False,Match (L-tartaric acid),150.09,-1.9
E335,Unknown,,True,No Match,,
E335I,526-94-3,[C@@H]([C@H](C(=O)[O-])O)(C(=O)O)O.[Na+],False,Match (Monosodium tartrate),172.07,
E335II,Unknown,,True,No Match,,
E336,868-14-4,[C@@H]([C@H](C(=O)[O-])O)(C(=O)O)O.[K+],False,Match (E336),188.18,
E336I,868-14-4,[C@@H]([C@H](C(=O)[O-])O)(C(=O)O)O.[K+],False,Match (Monopotassium tartrate),188.18,
E336II,Unknown,,True,No Match,,
E337,304-59-6,[C@@H]([C@H](C(=O)[O-])O)(C(=O)[O-])O.[Na+].[K+],False,Match (Potassium sodium tartrate),210.16,
E338,7664-38-2,OP(=O)(O)O,False,Match (E338),97.995,-2.1
E339,7558-80-7,OP(=O)(O)[O-].[Na+],False,Match (E339),119.977,
E339I,7558-80-7,OP(=O)(O)[O-].[Na+],False,Match (Monosodium phosphate),119.977,
E339II,Unknown,,True,No Match,,
E339III,Unknown,,True,No Match,,
E340,Unknown,,True,No Match,,
E340I,7778-77-0,OP(=O)(O)[O-].[K+],False,Match (Monopotassium phosphate),136.086,
E340II,Unknown,,True,No Match,,
E340III,Unknown,,True,No Match,,
E341,7758-87-4,[O-]P(=O)([O-])[O-].[O-]P(=O)([O-])[O-].[Ca+2].[Ca+2].[Ca+2],False,Match (Calciumphosphate),310.18,
E341I,Unknown,OP(=O)(O)O.OP(=O)(O)O.[Ca+2],False,Match (Superphosphate),236.07,
E341II,Unknown,,True,No Match,,
E341III,Unknown,,True,No Match,,
E342,7783-28-0,[NH4+].[NH4+].OP(=O)([O-])[O-],False,Match (Ammonium phosphate),132.06,
E343,10043-83-1,[O-]P(=O)([O-])[O-].[O-]P(=O)([O-])[O-].[Mg+2].[Mg+2].[Mg+2],False,Match (Magnesiumphosphate),262.86,
E343I,Unknown,,True,No Match,,
E343II,Unknown,,True,No Match,,
E344,Unknown,,True,No Match,,
E345,144-23-0,C(C(=O)[O-])C(CC(=O)[O-])(C(=O)O)O.[Mg+2],False,Match (E345),214.41,
E349,20261-05-6,C(C(C(=O)[O-])O)C(=O)[O-].[NH4+].[NH4+],False,Match (ammonium malate),168.15,
E350,676-46-0,C(C(C(=O)[O-])O)C(=O)[O-].[Na+].[Na+],False,Match (E350),178.05,
E350I,676-46-0,C(C(C(=O)[O-])O)C(=O)[O-].[Na+].[Na+],False,Match (Natriummalat),178.05,
E350II,Unknown,,True,No Match,,
E351,585-09-1,C(C(C(=O)[O-])O)C(=O)[O-].[K+].[K+],False,Match (Potassium malate),210.27,
E352,Unknown,,True,No Match,,
E352I,17482-42-7,C(C(C(=O)[O-])O)C(=O)[O-].[Ca+2],False,Match (Calcium malate),172.15,
E352II,Unknown,,True,No Match,,
E353,39469-81-3,C1(C(=O)OC(C(=O)O1)C(C(=O)O)O)C(C(=O)O)O,False,Match (Metatartaric acid),264.14,-1.1
E354,1296812-14-0,C(C(C(=O)[O-])O)(C(=O)[O-])O.[Ca+2],False,Match (Calciumtartrat),188.15,
E355,124-04-9,C(CCC(=O)O)CC(=O)O,False,Match (E355),146.14,0.1
E356,7486-38-6,C(CCC(=O)[O-])CC(=O)[O-].[Na+].[Na+],False,Match (E356),190.1,
E357,19147-16-1,C(CCC(=O)[O-])CC(=O)[O-].[K+].[K+],False,Match (Kaliumadipat),222.32,
E359,19090-60-9,C(CCC(=O)[O-])CC(=O)[O-].[NH4+].[NH4+],False,Match (ammonium adipate),180.2,
E363,110-15-6,C(CC(=O)O)C(=O)O,False,Match (E363),118.09,-0.6
E365,7704-73-6,C(=C/C(=O)[O-])\C(=O)O.[Na+],False,Match (E365),138.05,
E366,7704-72-5,C(=C/C(=O)[O-])\C(=O)[O-].[K+].[K+],False,Match (E366),192.25,
E367,7718-51-6,C(=C/C(=O)[O-])\C(=O)[O-].[Ca+2],False,Match (E367),154.13,
E368,14548-85-7,C(=C/C(=O)[O-])\C(=O)[O-].[NH4+].[NH4+],False,Match (E368),150.13,
E369,1222-66-8,CC(C(=O)O)N,False,Match (E639),89.09,-3.0
E370,Unknown,,True,No Match,,
E375,59-67-6,C1=CC(=CN=C1)C(=O)O,False,Match (Nicotinic acid),123.11,0.4
E380,3458-72-8,C(C(=O)[O-])C(CC(=O)[O-])(C(=O)[O-])O.[NH4+].[NH4+].[NH4+],False,Match (Triammonium citrate),243.22,
E381,1185-57-5,C(C(=O)O)C(CC(=O)O)(C(=O)O)O.N.[Fe+3],False,Match (ferric ammonium citrate),265.0,
E383,27214-00-2,C(C(CO)OP(=O)([O-])[O-])O.[Ca+2],False,Match (calcium glycerophosphate),210.14,
E384,Unknown,,True,No Match,,
E385,62-33-9,C(CN(CC(=O)[O-])CC(=O)[O-])N(CC(=O)[O-])CC(=O)[O-].[Na+].[Na+].[Ca+2],False,Match (E385),374.27,
E388,111-17-1,C(CSCCC(=O)O)C(=O)O,False,Match (E388),178.21,-0.1
E391,83-86-3,C1(C(C(C(C(C1OP(=O)(O)O)OP(=O)(O)O)OP(=O)(O)O)OP(=O)(O)O)OP(=O)(O)O)OP(=O)(O)O,False,Match (E391),660.04,-10.3
E392,Unknown,,True,No Match,,
E399,110638-68-1,C([C@@H]1[C@@H]([C@@H]([C@H]([C@@H](O1)O[C@H]([C@@H](CO)O)[C@@H]([C@H](C(=O)[O-])O)O)O)O)O)O.C([C@@H]1[C@@H]([C@@H]([C@H]([C@@H](O1)O[C@H]([C@@H](CO)O)[C@@H]([C@H](C(=O)[O-])O)O)O)O)O)O.O.O.[Ca+2],False,Match (Calcium lactobionate),790.7,
E400,Unknown,C1(C(C(OC(C1OC2C(C(C(C(O2)C(=O)O)P)O)O)C(=O)O)OP)O)O,False,Match (E400),418.23,-4.0
E401,Unknown,,True,No Match,,
E402,Unknown,,True,No Match,,
E403,Unknown,,True,No Match,,
E404,Unknown,,True,No Match,,
E405,Unknown,CC1C(C(C(OC1C(=O)OCC(C)O)OC2C(C(C(OC2C(=O)O)OC)O)O)O)O,False,Match (E405),440.4,-2.8
E406,9002-18-0,CC1[C@H]([C@H]2C(C(O1)CO2)OC3[C@@H]([C@H]([C@H]([C@H](O3)CO)O)OC)O)O,False,Match (agar),336.33,-2.2
E407,Unknown,,True,No Match,,
E407A,Unknown,,True,No Match,,
E408,Unknown,,True,No Match,,
E409,Unknown,,True,No Match,,
E410,141-14-0,CCC(=O)OCCC(C)CCC=C(C)C,False,Match (E410),212.33,4.2
E411,Unknown,,True,No Match,,
E412,Unknown,,True,No Match,,
E413,Unknown,,True,No Match,,
E414,203787-91-1,C1=CC=C(C(=C1)C(=O)NCCCCCCCC(=O)[O-])O.[Na+],False,Match (E414),301.31,
E414A,Unknown,,True,No Match,,
E415,Unknown,CC(=O)OCC1C(C(C(C(O1)OC2C(C(OC(C2OC3C(C(C(C(O3)CO)OP)O)O)CO)CP)O)OC4C(C(C(C(O4)C(=O)O)OC5C(C(C6C(O5)COC(O6)(C)C(=O)O)O)O)O)O)O)O,False,Match (E415),1016.8,-9.5
E416,Unknown,,True,No Match,,
E417,Unknown,,True,No Match,,
E418,Unknown,,True,No Match,,
E419,Unknown,,True,No Match,,
E420,50-70-4,C([C@H]([C@H]([C@@H]([C@H](CO)O)O)O)O)O,False,Match (E420),182.17,-3.1
